Datetime,Water Level (m)
2025-03-18 18:00:00,-0.13722388
2025-03-18 19:00:00,0.24732676
2025-03-18 20:00:00,0.47397122
2025-03-18 21:00:00,0.52674395
2025-03-18 22:00:00,0.33451757
2025-03-18 23:00:00,0.040431533
2025-03-19 00:00:00,-0.22145553
2025-03-19 01:00:00,-0.45100036
2025-03-19 02:00:00,-0.6523327
2025-03-19 03:00:00,-0.822493
2025-03-19 04:00:00,-0.87769794
2025-03-19 05:00:00,-0.80978614
2025-03-19 06:00:00,-0.42728627
2025-03-19 07:00:00,0.01863476
2025-03-19 08:00:00,0.3623991
2025-03-19 09:00:00,0.52717876
2025-03-19 10:00:00,0.46260718
2025-03-19 11:00:00,0.20622379
2025-03-19 12:00:00,-0.062799014
2025-03-19 13:00:00,-0.28595275
2025-03-19 14:00:00,-0.4822212
2025-03-19 15:00:00,-0.6426535
2025-03-19 16:00:00,-0.7599569
2025-03-19 17:00:00,-0.71222186
2025-03-19 18:00:00,-0.3806937
2025-03-19 19:00:00,-0.014145646
2025-03-19 20:00:00,0.25258136
2025-03-19 21:00:00,0.35351977
2025-03-19 22:00:00,0.26798555
2025-03-19 23:00:00,0.01951167
2025-03-20 00:00:00,-0.23317373
2025-03-20 01:00:00,-0.4588714
2025-03-20 02:00:00,-0.6488681
2025-03-20 03:00:00,-0.81051713
2025-03-20 04:00:00,-0.88531923
2025-03-20 05:00:00,-0.8793724
2025-03-20 06:00:00,-0.6293294
2025-03-20 07:00:00,-0.2613617
2025-03-20 08:00:00,0.111791626
2025-03-20 09:00:00,0.32828316
2025-03-20 10:00:00,0.39884114
2025-03-20 11:00:00,0.2696011
2025-03-20 12:00:00,0.027017057
2025-03-20 13:00:00,-0.20305687
2025-03-20 14:00:00,-0.39554873
2025-03-20 15:00:00,-0.54926705
2025-03-20 16:00:00,-0.6615495
2025-03-20 17:00:00,-0.66525275
2025-03-20 18:00:00,-0.4370488
2025-03-20 19:00:00,-0.14221458
2025-03-20 20:00:00,0.09423403
2025-03-20 21:00:00,0.19206187
2025-03-20 22:00:00,0.18308772
2025-03-20 23:00:00,0.04524201
2025-03-21 00:00:00,-0.17053632
2025-03-21 01:00:00,-0.3841717
2025-03-21 02:00:00,-0.57491374
2025-03-21 03:00:00,-0.7333003
2025-03-21 04:00:00,-0.8532646
2025-03-21 05:00:00,-0.8853089
2025-03-21 06:00:00,-0.77374905
2025-03-21 07:00:00,-0.45760307
2025-03-21 08:00:00,-0.14042914
2025-03-21 09:00:00,0.1130134
2025-03-21 10:00:00,0.21497874
2025-03-21 11:00:00,0.21419461
2025-03-21 12:00:00,0.08534891
2025-03-21 13:00:00,-0.107430466
2025-03-21 14:00:00,-0.2800852
2025-03-21 15:00:00,-0.4180203
2025-03-21 16:00:00,-0.5145233
2025-03-21 17:00:00,-0.5667595
2025-03-21 18:00:00,-0.5032872
2025-03-21 19:00:00,-0.31200695
2025-03-21 20:00:00,-0.13028291
2025-03-21 21:00:00,-0.017327627
2025-03-21 22:00:00,0.0018516296
2025-03-21 23:00:00,-0.06682855
2025-03-22 00:00:00,-0.20919023
2025-03-22 01:00:00,-0.38828915
2025-03-22 02:00:00,-0.56716996
2025-03-22 03:00:00,-0.72472185
2025-03-22 04:00:00,-0.8510612
2025-03-22 05:00:00,-0.8835195
2025-03-22 06:00:00,-0.876335
2025-03-22 07:00:00,-0.74331766
2025-03-22 08:00:00,-0.46915329
2025-03-22 09:00:00,-0.20433575
2025-03-22 10:00:00,-0.0035339359
2025-03-22 11:00:00,0.09406734
2025-03-22 12:00:00,0.06039718
2025-03-22 13:00:00,-0.009189689
2025-03-22 14:00:00,-0.13374023
2025-03-22 15:00:00,-0.2672656
2025-03-22 16:00:00,-0.37523663
2025-03-22 17:00:00,-0.4478687
2025-03-22 18:00:00,-0.47247127
2025-03-22 19:00:00,-0.40618578
2025-03-22 20:00:00,-0.27838224
2025-03-22 21:00:00,-0.18588641
2025-03-22 22:00:00,-0.15322085
2025-03-22 23:00:00,-0.17999105
2025-03-23 00:00:00,-0.24825314
2025-03-23 01:00:00,-0.34267655
2025-03-23 02:00:00,-0.44859648
2025-03-23 03:00:00,-0.54980236
2025-03-23 04:00:00,-0.6515112
2025-03-23 05:00:00,-0.73834217
2025-03-23 06:00:00,-0.7940944
2025-03-23 07:00:00,-0.7634316
2025-03-23 08:00:00,-0.59644604
2025-03-23 09:00:00,-0.38024026
2025-03-23 10:00:00,-0.19284444
2025-03-23 11:00:00,-0.041133534
2025-03-23 12:00:00,0.063402556
2025-03-23 13:00:00,0.096343376
2025-03-23 14:00:00,0.060719974
2025-03-23 15:00:00,-0.016986068
2025-03-23 16:00:00,-0.12980512
2025-03-23 17:00:00,-0.26400378
2025-03-23 18:00:00,-0.3986493
2025-03-23 19:00:00,-0.52284974
2025-03-23 20:00:00,-0.6179147
2025-03-23 21:00:00,-0.65044993
2025-03-23 22:00:00,-0.56461483
2025-03-23 23:00:00,-0.41453406
2025-03-24 00:00:00,-0.27491215
2025-03-24 01:00:00,-0.19453111
2025-03-24 02:00:00,-0.20015235
2025-03-24 03:00:00,-0.2788341
2025-03-24 04:00:00,-0.39016542
2025-03-24 05:00:00,-0.50597733
2025-03-24 06:00:00,-0.61394846
2025-03-24 07:00:00,-0.70318747
2025-03-24 08:00:00,-0.74412894
2025-03-24 09:00:00,-0.69402575
2025-03-24 10:00:00,-0.54335314
2025-03-24 11:00:00,-0.32544956
2025-03-24 12:00:00,-0.07741228
2025-03-24 13:00:00,0.14210957
2025-03-24 14:00:00,0.24190222
2025-03-24 15:00:00,0.28372276
2025-03-24 16:00:00,0.22329447
2025-03-24 17:00:00,0.0618869
2025-03-24 18:00:00,-0.12799641
